PRT_ID,Model_1,Model_2,Model_3
P08956,0.46057317,0.503989,0.0
P10028,0.21909477,0.21927737,0.0
P00015,0.26665595,0.2697665,0.0
P04136,0.22736965,0.22960567,0.0
P02794,0.19301331,0.19893174,0.0
P00645,0.28888723,0.33407345,0.0
P06816,0.3522184,0.35125518,0.0
P05238,0.40849718,0.41424355,0.0
P08308,0.49331674,0.5080728,0.0
P05390,0.31725857,0.31571284,0.0
P07089,0.79801244,0.8191166,0.0
P09020,0.39950642,0.41111216,0.0
P05315,0.37074625,0.38764945,0.0
P02898,0.5361419,0.5398351,0.0
P01617,0.37490994,0.3826343,0.0
P02934,0.19935861,0.16643298,0.0
P08031,0.7941385,0.77809006,0.0
P09438,0.3362034,0.3598634,0.0
P02327,0.23984557,0.2802143,0.0
P01734,0.4531162,0.47355288,0.0
P02916,0.23595531,0.23340026,0.0
P07523,0.30793452,0.29914746,0.0
P07953,0.5944196,0.579149,0.0
P08737,0.4051992,0.4138608,0.0
P01686,0.43096295,0.41321024,0.0
P09327,0.35461542,0.33308545,0.0
P05198,0.16561398,0.14057353,0.0
P05735,0.3215873,0.30550703,0.0
P03086,0.30277413,0.3114416,0.0
P05682,0.50902283,0.5453548,0.0
P05418,0.48971125,0.4866592,0.0
P07819,0.33458644,0.3022865,0.0
P02165,0.419571,0.44536906,0.0
P05872,0.55094755,0.52091765,0.0
P08571,0.28655088,0.3084974,0.0
P04978,0.1347907,0.106895894,0.0
P04185,0.46019638,0.47162184,0.0
P02073,0.77855164,0.7885105,0.0
P04550,0.46613273,0.48502183,0.0
P01183,0.40026757,0.38451564,0.0
P03270,0.31215626,0.31667244,0.0
P00673,0.29442275,0.29936287,0.0
P06146,0.20252755,0.2020451,0.0
P07077,0.4771895,0.48237726,0.0
P05074,0.19958954,0.17384274,0.0
P02729,0.27209765,0.294524,0.0
P04034,0.37336302,0.36033422,0.0
P08208,0.23329541,0.22953564,0.0
P06317,0.4341118,0.4378199,0.0
P08604,0.4163461,0.44709027,0.0
P09713,0.2637643,0.244019,0.0
P01015,0.61593467,0.58400416,0.0
P06068,0.47054836,0.47093904,0.0
P06531,0.38785392,0.35624403,0.0
P08987,0.25584945,0.2582528,0.0
P06132,0.46368805,0.4487964,0.0
P06509,0.40077648,0.3848087,0.0
P04474,0.47436148,0.5005178,0.0
P07512,0.56400377,0.5371275,0.0
P09775,0.36772087,0.36382872,0.0
P08876,0.32674614,0.3839735,0.0
P01635,0.20693374,0.20175396,0.0
P09387,0.228952,0.24454504,0.0
P02433,0.25794443,0.25280094,0.0
P06001,0.2945282,0.29486474,0.0
P03855,0.4013443,0.38718715,0.0
P08953,0.74933,0.7465993,0.0
P01499,0.406374,0.39647096,0.0
P01105,0.42746165,0.4471837,0.0
P02124,0.23831105,0.25193828,0.0
P08277,0.36496755,0.34872156,0.0
P06368,0.16190995,0.15517734,0.0
P03146,0.35820118,0.34036925,0.0
P07972,0.60864615,0.5775817,0.0
P05431,0.16261423,0.14040951,0.0
P03150,0.28976962,0.27306017,0.0
P09739,0.6678954,0.70158666,0.0
P01529,0.31651142,0.33670068,0.0
P04590,0.45325896,0.522603,0.0
P04925,0.25827166,0.2795369,0.0
P08630,0.65505373,0.63284785,0.0
P05666,0.29013717,0.33251137,0.0
P00175,0.3335546,0.31044984,0.0
P04297,0.47923824,0.4542115,0.0
P01152,0.530059,0.55304396,0.0
P08421,0.3275421,0.32513443,0.0
P06206,0.46240366,0.45269826,0.0
P08344,0.5407374,0.5271265,0.0
P01143,0.5738307,0.5937684,0.0
P03213,0.25199333,0.29057837,0.0
P08513,0.2837893,0.27515054,0.0
P08609,0.6062385,0.59141535,0.0
P04414,0.56642824,0.53606415,0.0
P08853,0.3297885,0.33203122,0.0
P09169,0.23488839,0.23313329,0.0
P08326,0.47338268,0.51106465,0.0
P04660,0.6203433,0.6012113,0.0
P06698,0.5530475,0.566867,0.0
P03970,0.53644806,0.5234132,0.0
P03873,0.34858882,0.3262879,0.0
P03161,0.32618496,0.3205773,0.0
P07760,0.3625454,0.38824284,0.0
P09583,0.32038477,0.27018207,0.0
P03138,0.5025194,0.5051915,0.0
P06211,0.17350224,0.11047913,0.0
P08830,0.4496725,0.46798483,0.0
P04311,0.33193803,0.29901528,0.0
P07847,0.535035,0.511327,0.0
P08338,0.29740894,0.3073124,0.0
P01905,0.31741887,0.28631493,0.0
P08463,0.49723536,0.47719833,0.0
P09675,0.34008458,0.34749106,0.0
P02861,0.3305982,0.33313522,0.0
P05478,0.2577312,0.23305596,0.0
P09901,0.58447427,0.5778019,0.0
P07815,0.44401032,0.4457917,0.0
P06932,0.40075865,0.4143945,0.0
P00018,0.4410731,0.4491266,0.0
P03507,0.4143692,0.41223466,0.0
P09229,0.23883878,0.25846896,0.0
P04922,0.4862634,0.49878412,0.0
P06026,0.2641784,0.24816927,0.0
P05915,0.043910213,0.05333668,0.0
P04228,0.36217204,0.35523027,0.0
P07439,0.29447016,0.30017167,0.0
P00471,0.4780066,0.46902296,0.0
P08550,0.2979655,0.29893577,0.0
P09692,0.5375075,0.5578709,0.0
P06092,0.47890073,0.47705773,0.0
P06512,0.21939382,0.2776164,0.0
P05374,0.30572653,0.31702232,0.0
P09544,0.4250446,0.4423138,0.0
P04266,0.4670163,0.45098987,0.0
P06764,0.27094686,0.26720694,0.0
P07887,0.7365199,0.7466315,0.0
P00934,0.519089,0.5259619,0.0
P01090,0.5432217,0.53541154,0.0
P03936,0.56771845,0.6008806,0.0
P07111,0.44425535,0.45535535,0.0
P03795,0.41878524,0.44674113,0.0
P02550,0.5559216,0.56870997,0.0
P02689,0.23519917,0.20943683,0.0
P05157,0.19012333,0.18207887,0.0
P06158,0.3702049,0.34129608,0.0
P08355,0.28453037,0.24969855,0.0
P07424,0.29138833,0.28905043,0.0
P02021,0.4458322,0.45305255,0.0
P03383,0.44230944,0.4336831,0.0
P02447,0.40728498,0.45638245,0.0
P04082,0.7395778,0.76655746,0.0
P06222,0.23521224,0.24177778,0.0
P01256,0.7928628,0.8470383,0.0
P01404,0.37076804,0.38455448,0.0
P01302,0.536991,0.5070165,0.0
P02387,0.3251097,0.34834066,0.0
P04903,0.18003285,0.2143168,0.0
P05120,0.21240683,0.20430116,0.0
P07344,0.33946034,0.34390503,0.0
P03018,0.8936944,0.8482674,0.0
P05858,0.18596795,0.15077019,0.0
P09179,0.22324103,0.21325487,0.0
P02123,0.44476727,0.44055703,0.0
P01742,0.5247799,0.53619385,0.0
P07952,0.4533018,0.44993544,0.0
P00156,0.30689666,0.26043195,0.0
P03603,0.13569629,0.14837956,0.0
P07591,0.5993713,0.61655194,0.0
P09953,0.73039657,0.73443675,0.0
P03633,0.29126483,0.3185469,0.0
P07560,0.33337703,0.3451445,0.0
P07809,0.65076715,0.61212265,0.0
P09431,0.30617067,0.28624505,0.0
P10014,0.4307366,0.37386322,0.0
P07116,0.75356156,0.7699304,0.0
P01006,0.5226855,0.4998994,0.0
P00200,0.5983474,0.5639049,0.0
P06359,0.13134077,0.14298159,0.0
P02950,0.38934165,0.4107172,0.0
P00628,0.5035207,0.47783872,0.0
P09512,0.27111116,0.2914548,0.0
P06079,0.17476524,0.16865732,0.0
P03401,0.32973307,0.3389537,0.0
P04455,0.20274939,0.18214504,0.0
P06928,0.92627656,0.9421206,0.0
P00998,0.35936147,0.34078172,0.0
P09845,0.28366408,0.267783,0.0
P02965,0.18278894,0.14485635,0.0
P03187,0.42940903,0.44872227,0.0
P01341,0.40646145,0.421679,0.0
P00753,0.27837837,0.29675192,0.0
P07031,0.36434117,0.35505682,0.0
P01234,0.46602416,0.4459951,0.0
P04699,0.6326984,0.69542044,0.0
P02497,0.3275487,0.36590475,0.0
P05319,0.41225463,0.4129214,0.0
P04968,0.42601308,0.44453847,0.0
P06573,0.44337174,0.44186854,0.0
P08765,0.9078194,0.8602712,0.0
P05187,0.2987081,0.3040453,0.0
P01362,0.26166055,0.24594954,0.0
P06559,0.3316237,0.2820745,0.0
P08976,0.32143176,0.35269213,0.0
P04604,0.22277199,0.22501954,0.0
P00760,0.22681627,0.21017991,0.0
P06058,0.49776113,0.47482872,0.0
P02022,0.33938938,0.38458323,0.0
P05770,0.2870098,0.29550934,0.0
P05809,0.20329866,0.21454287,0.0
P04147,0.08967011,0.05587803,0.0
P07379,0.54550743,0.52609074,0.0
P05015,0.24270424,0.22383192,0.0
P05786,0.32252306,0.31510535,0.0
P04684,0.327467,0.31304246,0.0
P04579,0.45029536,0.4496995,0.0
P07707,0.76461715,0.75622916,0.0
P02292,0.31809807,0.3066268,0.0
P08117,0.35198915,0.361069,0.0
P02088,0.28500226,0.32998008,0.0
P04628,0.3787731,0.32507053,0.0
P00366,0.88690543,0.90809864,0.0
P01069,0.281111,0.2549533,0.0
P00770,0.38265076,0.38037604,0.0
P05512,0.27583972,0.29241902,0.0
P01216,0.42393553,0.44967273,0.0
P08657,0.62414896,0.61795074,0.0
P00328,0.29758856,0.27701867,0.0
P04307,0.34900445,0.35965562,0.0
P03812,0.47456217,0.49041092,0.0
P01473,0.4619164,0.4489347,0.0
P05183,0.3097227,0.3215176,0.0
P08784,0.6136337,0.59560394,0.0
P06683,0.34492433,0.36181107,0.0
P07605,0.49472266,0.47959587,0.0
P09257,0.48621756,0.48076227,0.0
P01476,0.47996244,0.46948704,0.0
P06045,0.12863547,0.13601126,0.0
P08045,0.28664166,0.28162265,0.0
P05608,0.29799217,0.29126227,0.0
P01970,0.43179265,0.4214442,0.0
P03084,0.36943927,0.33519104,0.0
P06720,0.506738,0.4970019,0.0
P09833,0.36820135,0.41029435,0.0
P06554,0.3044014,0.30073637,0.0
P01584,0.20497437,0.1659936,0.0
P08926,0.44193354,0.43518847,0.0
P03232,0.3953082,0.42199004,0.0
P05549,0.85520136,0.84325016,0.0
P03529,0.4987527,0.48430163,0.0
P09611,0.40605438,0.3957896,0.0
P06133,0.41053787,0.41887555,0.0
P07690,0.58011144,0.60085183,0.0
P04751,0.16319942,0.15458404,0.0
P03723,0.3641627,0.33896372,0.0
P00079,0.4904606,0.5090207,0.0
P01460,0.5395266,0.5854593,0.0
P03072,0.68821335,0.70816445,0.0
P04088,0.16770685,0.16121227,0.0
P02709,0.19815594,0.1776874,0.0
P06065,0.32236937,0.35176373,0.0
P00245,0.5266164,0.5573969,0.0
P06116,0.45915833,0.4420496,0.0
P08808,0.29741922,0.31571415,0.0
P07174,0.417655,0.4474916,0.0
P08553,0.35196593,0.37463245,0.0
P06039,0.3105241,0.25425103,0.0
P06741,0.48416662,0.44396538,0.0
P02784,0.33829892,0.33091766,0.0
P04033,0.5683465,0.5638577,0.0
P07303,0.36463347,0.34587273,0.0
P07256,0.7357261,0.68453634,0.0
P01579,0.53175515,0.5587395,0.0
P00449,0.6056365,0.5720297,0.0
P01874,0.21887057,0.28521228,0.0
P05953,0.16818896,0.20631029,0.0
P06326,0.29016215,0.293309,0.0
P03368,0.37657103,0.35852307,0.0
P04304,0.29053363,0.26557437,0.0
P01550,0.34793842,0.3509177,0.0
P06164,0.45326918,0.46623915,0.0
P05219,0.23045139,0.24613425,0.0
P01061,0.6707543,0.66114175,0.0
P02856,0.3098544,0.33646104,0.0
P05906,0.4183415,0.4457089,0.0
P05836,0.38299274,0.3753141,0.0
P06879,0.4974901,0.504178,0.0
P07483,0.2562569,0.23859933,0.0
P09036,0.44743878,0.44681633,0.0
P02372,0.1693242,0.19932298,0.0
P03104,0.25540796,0.26549885,0.0
P10008,0.28531227,0.26105466,0.0
P03559,0.35403657,0.3641349,0.0
P04690,0.44826522,0.44007185,0.0
P02798,0.07508749,0.07181589,0.0
P09714,0.3636654,0.3639386,0.0
P01443,0.22346598,0.2313833,0.0
P01420,0.5393845,0.5313766,0.0
P05978,0.51493365,0.5172452,0.0
P03597,0.045662288,0.055028304,0.0
P01329,0.5339789,0.5460284,0.0
P09129,0.30634338,0.28583577,0.0
P01687,0.5400368,0.54257154,0.0
P08932,0.39830825,0.42316735,0.0
P03122,0.4977225,0.4977854,0.0
P09044,0.27291527,0.26250637,0.0
P05987,0.32868505,0.33610296,0.0
P01157,0.35091984,0.3375106,0.0
P09594,0.28103378,0.29113397,0.0
P08252,0.297373,0.3408574,0.0
P05189,0.5535939,0.53162426,0.0
P09817,0.6628604,0.66773915,0.0
P05080,0.81804556,0.78886837,0.0
P03163,0.21208069,0.2122908,0.0
P05570,0.12952465,0.16259071,0.0
P09640,0.3719257,0.40623003,0.0
P00376,0.5462624,0.50203544,0.0
P04698,0.15443254,0.15115233,0.0
P03803,0.24861307,0.23158136,0.0
P09592,0.37771133,0.37340218,0.0
P09050,0.37524417,0.35733032,0.0
P04292,0.55679685,0.55817,0.0
P02823,0.3002682,0.32161465,0.0
P06064,0.40289444,0.41877052,0.0
P03902,0.37352252,0.40622476,0.0
P08429,0.5240186,0.5562052,0.0
P03065,0.32542267,0.2915818,0.0
P00582,0.59174335,0.60650337,0.0
P05192,0.17816556,0.19187291,0.0
P08507,0.37651038,0.37566084,0.0
P00193,0.30566567,0.29699585,0.0
P09299,0.21089815,0.19094008,0.0
P03194,0.30084366,0.31884944,0.0
P03384,0.16162498,0.16074054,0.0
P04370,0.2849634,0.27720672,0.0
P06889,0.33675227,0.3380902,0.0
P01956,0.8134947,0.8110744,0.0
P02347,0.7006165,0.7074132,0.0
P01386,0.4218661,0.45302927,0.0
P09677,0.23140723,0.23394892,0.0
P04250,0.5317235,0.5016013,0.0
P06980,0.47966066,0.46222305,0.0
P06082,0.34179726,0.33899572,0.0
P01546,0.38705194,0.381231,0.0
P09654,0.3644236,0.35835359,0.0
P00261,0.81774604,0.816936,0.0
P09994,0.22042334,0.21757537,0.0
P09867,0.33308202,0.3430645,0.0
P03543,0.39617077,0.38121182,0.0
P09401,0.44233307,0.42773163,0.0
P06814,0.33884206,0.34395283,0.0
P09392,0.49158385,0.48404163,0.0
P03541,0.4256461,0.40103108,0.0
P06908,0.21275453,0.24851686,0.0
P07331,0.30021217,0.29764476,0.0
P06935,0.3033584,0.31682426,0.0
P07526,0.31190607,0.3455714,0.0
P06551,0.24516945,0.20869663,0.0
P09653,0.30576447,0.30299625,0.0
P03469,0.15715398,0.14283942,0.0
P09733,0.42407772,0.42921674,0.0
P06315,0.48967212,0.51192564,0.0
P01807,0.5163349,0.5078316,0.0
P07346,0.33744678,0.3107555,0.0
P06167,0.24158773,0.18870227,0.0
P00829,0.33166978,0.28565022,0.0
P04794,0.3893369,0.39432475,0.0
P08746,0.4545858,0.44505584,0.0
P08145,0.5846762,0.58597463,0.0
P02580,0.61328864,0.6031502,0.0
P04636,0.3178661,0.31303468,0.0
P02064,0.40428856,0.4035462,0.0
P02028,0.75758755,0.7450612,0.0
P06967,0.54658806,0.55851877,0.0
P07282,0.34234062,0.34875345,0.0
P04084,0.49194133,0.5068615,0.0
P05992,0.5149499,0.5268336,0.0
P07252,0.32296136,0.32678807,0.0
P04358,0.2993483,0.26302695,0.0
P09929,0.41415548,0.4151751,0.0
P02768,0.454956,0.4441231,0.0
P05485,0.51763034,0.5198542,0.0
P09939,0.569085,0.57484025,0.0
P03220,0.34389028,0.38455698,0.0
P08274,0.555178,0.5634177,0.0
P07145,0.5814858,0.60217583,0.0
P05201,0.08074217,0.098682895,0.0
P01786,0.4575804,0.45885867,0.0
P08911,0.27813536,0.30764985,0.0
P03287,0.30948088,0.30212942,0.0
P01914,0.5185216,0.5186551,0.0
P05669,0.5115883,0.49053842,0.0
P04448,0.42341706,0.45467016,0.0
P05381,0.844103,0.8271766,0.0
P03200,0.4198835,0.4558711,0.0
P04281,0.30037767,0.2912036,0.0
P01623,0.3499003,0.36092174,0.0
P07053,0.49825364,0.5112348,0.0
P04096,0.24987605,0.23415841,0.0
P06042,0.23733504,0.23321973,0.0
P03331,0.5143121,0.457727,0.0
P04016,0.27068222,0.2953785,0.0
P00247,0.40592706,0.3943734,0.0
P08464,0.31729186,0.29145402,0.0
P05979,0.16746978,0.17431304,0.0
P09681,0.3740793,0.37340227,0.0
P00951,0.34903395,0.38024282,0.0
P01672,0.51189315,0.49393702,0.0
P05857,0.3479885,0.30669472,0.0
P04955,0.28170088,0.24318919,0.0
P08091,0.74148965,0.75828654,0.0
P02807,0.086903125,0.076949485,0.0
P06878,0.5581584,0.5577008,0.0
P05150,0.14744674,0.09000199,0.0
P08822,0.27455303,0.2869633,0.0
P02634,0.44296694,0.45537332,0.0
P06324,0.17356496,0.16228737,0.0
P05098,0.2214748,0.20128107,0.0
P06547,0.3273157,0.33714625,0.0
P08248,0.6637707,0.65347713,0.0
P08915,0.33219138,0.32144043,0.0
P00600,0.28283355,0.2971732,0.0
P08120,0.459568,0.48498207,0.0
P08933,0.47826833,0.4906339,0.0
P03096,0.44608966,0.4367711,0.0
P01142,0.28415227,0.28554675,0.0
P06528,0.43513298,0.42230675,0.0
P09515,0.81555027,0.78964245,0.0
P01780,0.3863237,0.40700835,0.0
P07731,0.33426744,0.325992,0.0
P10003,0.39507142,0.37052503,0.0
P04528,0.40921998,0.40224877,0.0
P07432,0.5495669,0.5454302,0.0
P07224,0.41973358,0.40253872,0.0
P01892,0.4918041,0.49436522,0.0
P06257,0.43378037,0.4352339,0.0
P06228,0.38156697,0.32327154,0.0
P08919,0.33113486,0.32413065,0.0
P05523,0.3384659,0.36081436,0.0
P09152,0.3271144,0.32872346,0.0
P01239,0.8290689,0.83465767,0.0
P08015,0.388655,0.3753268,0.0
P06776,0.20982462,0.18433812,0.0
P03967,0.19492547,0.19940959,0.0
P08149,0.46927205,0.4642126,0.0
P05639,0.58741736,0.5570018,0.0
P09763,0.4779707,0.46715704,0.0
P05890,0.9251048,0.9118394,0.0
P00658,0.4014193,0.3790909,0.0
P08893,0.35889962,0.32282898,0.0
P03298,0.4635757,0.47769797,0.0
P06081,0.22753593,0.20870256,0.0
P05777,0.2105175,0.19217433,0.0
P04108,0.33787033,0.31218806,0.0
P04931,0.13536833,0.13073789,0.0
P09246,0.28267226,0.31713796,0.0
P09000,0.23128965,0.20334107,0.0
P04720,0.2911878,0.2649369,0.0
P08530,0.9293523,0.95749635,0.0
P05501,0.37948453,0.3832923,0.0
P01520,0.16732726,0.1778185,0.0
P01950,0.22215235,0.28264636,0.0
P03555,0.5985883,0.6221062,0.0
P08635,0.35915574,0.34479263,0.0
P05226,0.12316581,0.13332097,0.0
P07636,0.4849885,0.43700182,0.0
P01806,0.560685,0.54529524,0.0
P08526,0.5846632,0.6285037,0.0
P04124,0.34289378,0.3433286,0.0
P01859,0.3750102,0.36940375,0.0
P00635,0.45651522,0.45608744,0.0
P00586,0.33331898,0.34423673,0.0
P01820,0.2382033,0.23085664,0.0
P04627,0.47984427,0.48142716,0.0
P08615,0.2736654,0.28747842,0.0
P09762,0.29036823,0.25040013,0.0
P00790,0.27724147,0.2976933,0.0
P02843,0.4213679,0.42684215,0.0
P09088,0.2963142,0.34253487,0.0
P03116,0.42636272,0.45821264,0.0
P01128,0.36722383,0.3599196,0.0
P01745,0.29159632,0.32324317,0.0
P08927,0.538363,0.55118215,0.0
P03414,0.37038362,0.34011158,0.0
P05849,0.3946732,0.4068701,0.0
P07497,0.65643644,0.6830307,0.0
P05436,0.47692254,0.5011809,0.0
P06553,0.26546168,0.2517162,0.0
P06106,0.30412945,0.2738878,0.0
P03107,0.13267945,0.12163233,0.0
P00637,0.5136839,0.50983226,0.0
P07750,0.5079844,0.5369838,0.0
P09565,0.44001386,0.4369613,0.0
P08399,0.18526906,0.22586967,0.0
P02717,0.492294,0.48117638,0.0
P05954,0.27798054,0.25189555,0.0
P04252,0.21395518,0.20954129,0.0
P07323,0.41249108,0.4309647,0.0
P03925,0.3462037,0.35880095,0.0
P01854,0.4907886,0.4965703,0.0
P07620,0.25431228,0.23042485,0.0
P00463,0.5046799,0.46645275,0.0
P01645,0.36225125,0.3453993,0.0
P07156,0.4964913,0.47717297,0.0
P04871,0.52030635,0.5295924,0.0
P09799,0.35130924,0.31751794,0.0
P03868,0.12006253,0.11080504,0.0
P04171,0.47879493,0.47026587,0.0
P07508,0.27252436,0.31340075,0.0
P04264,0.3435386,0.31955513,0.0
P02685,0.15693226,0.14747044,0.0
P08895,0.32208884,0.33323964,0.0
P07342,0.2033515,0.25877723,0.0
P04006,0.27349457,0.32084343,0.0
P04024,0.27614054,0.26907876,0.0
P02012,0.8470212,0.8917349,0.0
P07626,0.6008885,0.5597595,0.0
P09337,0.6813469,0.68535274,0.0
P09188,0.65911853,0.62577516,0.0
P03144,0.23045918,0.24734351,0.0
P09144,0.34001687,0.31689826,0.0
P08179,0.2914762,0.25191122,0.0
P03254,0.2825807,0.29972675,0.0
P05827,0.21117821,0.21391736,0.0
P09220,0.3744618,0.3409129,0.0
P08973,0.5185742,0.51284826,0.0
P02799,0.29610994,0.29195705,0.0
P08486,0.39157772,0.348843,0.0
P02349,0.79483485,0.76738834,0.0
P00534,0.506172,0.50721025,0.0
P03954,0.5354893,0.5028748,0.0
P02605,0.19162968,0.2013599,0.0
P03737,0.30934867,0.3195895,0.0
P00184,0.40170828,0.38807964,0.0
P05607,0.46946576,0.5002336,0.0
P03318,0.26858562,0.28647596,0.0
P03060,0.4490414,0.44232997,0.0
P01747,0.21628685,0.23106903,0.0
P06803,0.3223082,0.33250955,0.0
P02222,0.21998854,0.22949573,0.0
P03246,0.4891896,0.46490756,0.0
P07689,0.2310917,0.27980718,0.0
P01647,0.17897537,0.15760797,0.0
P01721,0.7042543,0.67106724,0.0
P09340,0.8115568,0.8108929,0.0
P01801,0.29874396,0.3070748,0.0
P03800,0.22768225,0.22857408,0.0
P10024,0.3793113,0.3887583,0.0
P04418,0.4531312,0.44573185,0.0
P07880,0.54005134,0.52681446,0.0
P03834,0.15938243,0.1527897,0.0
P04880,0.505285,0.5139458,0.0
P02848,0.9001846,0.85641706,0.0
P04682,0.211559,0.20926033,0.0
P08585,0.24060905,0.23444712,0.0
P09812,0.28943732,0.28688836,0.0
P03831,0.3950002,0.4043236,0.0
P06851,0.4004865,0.41448206,0.0
P03860,0.51764446,0.49591458,0.0
P08960,0.20018107,0.20855242,0.0
P00453,0.38571537,0.39565662,0.0
P00386,0.3022041,0.31509668,0.0
P00671,0.27467772,0.2937597,0.0
P06363,0.49909806,0.49213916,0.0
P05824,0.12302102,0.0974982,0.0
P04894,0.5291962,0.49800032,0.0
P07765,0.44040504,0.4203278,0.0
P02115,0.3993269,0.407505,0.0
P09704,0.30979252,0.29172423,0.0
P05117,0.28597394,0.262511,0.0
P05483,0.34250948,0.3595699,0.0
P04332,0.40531263,0.3967232,0.0
P04562,0.17878774,0.1958316,0.0
P02137,0.21254034,0.21071933,0.0
P08434,0.3238948,0.3076314,0.0
P01685,0.305114,0.26930895,0.0
P06892,0.12577687,0.12819722,0.0
P03393,0.19286406,0.18458334,0.0
P04227,0.25332636,0.22366804,0.0
P00473,0.59137356,0.55443335,0.0
P06095,0.4999345,0.5229616,0.0
P00103,0.6424162,0.6750728,0.0
P09874,0.41073665,0.43327752,0.0
P02763,0.2886474,0.29820925,0.0
P04911,0.3718337,0.36847702,0.0
P05301,0.6722121,0.67694825,0.0
P01283,0.8740126,0.89836985,0.0
P04745,0.22865166,0.22582413,0.0
P08796,0.28002825,0.28363898,0.0
P06473,0.244397,0.23049039,0.0
P08082,0.34501132,0.3352076,0.0
P08151,0.4987076,0.45565942,0.0
P01422,0.79981846,0.78814167,0.0
P02218,0.35304993,0.3866762,0.0
P08913,0.5668096,0.5461664,0.0
P09505,0.32803747,0.326031,0.0
P06327,0.33713466,0.34204057,0.0
P04994,0.85898143,0.89350486,0.0
P09076,0.3616631,0.3483971,0.0
P04213,0.19758505,0.16316901,0.0
P09095,0.6242043,0.59125155,0.0
P01382,0.478061,0.465887,0.0
P00176,0.8847265,0.9096992,0.0
P03044,0.8224936,0.8522227,0.0
P04346,0.07047822,0.06303406,0.0
P00293,0.47093496,0.45784563,0.0
P03912,0.42225614,0.39833277,0.0
P10012,0.43511033,0.42913508,0.0
P03928,0.32004645,0.3091263,0.0
P06861,0.4279581,0.4066641,0.0
P04786,0.2935973,0.3132438,0.0
P05320,0.112664476,0.14868934,0.0
P03818,0.35218066,0.33329526,0.0
P06933,0.26522797,0.28103283,0.0
P05018,0.3606893,0.3720944,0.0
P03117,0.37352526,0.35439152,0.0
P06712,0.27105278,0.27599686,0.0
P05145,0.5675714,0.54847056,0.0
P09372,0.41303435,0.4100996,0.0
P08930,0.31642687,0.29968825,0.0
P03978,0.3452334,0.33754027,0.0
P06142,0.7034241,0.66795725,0.0
P06625,0.33208585,0.32781178,0.0
P00416,0.58633274,0.54615706,0.0
P01596,0.37245536,0.33437297,0.0
P06404,0.3659905,0.36981177,0.0
P01451,0.39487162,0.3873829,0.0
P03295,0.13010862,0.1274393,0.0
P06796,0.87685317,0.8851905,0.0
P03130,0.4006389,0.3829537,0.0
P03594,0.4456742,0.45840946,0.0
P08683,0.39905953,0.37661237,0.0
P07462,0.51890963,0.5152282,0.0
P00812,0.5713822,0.60714906,0.0
P08597,0.32388237,0.30782184,0.0
P06399,0.73117447,0.735865,0.0
P04258,0.23420317,0.22957984,0.0
P03794,0.33710578,0.36128148,0.0
P06048,0.38895026,0.38998684,0.0
P07000,0.8961266,0.8881567,0.0
P08383,0.27647492,0.27761352,0.0
P08612,0.30677006,0.31297553,0.0
P07568,0.75247693,0.7557658,0.0
P02902,0.29959238,0.3115761,0.0
P04047,0.18409471,0.17209026,0.0
P07542,0.8512245,0.80694276,0.0
P07121,0.30575758,0.36022213,0.0
P02997,0.4470209,0.41884944,0.0
P08298,0.34782633,0.37517747,0.0
P00300,0.3551393,0.3487716,0.0
P06604,0.3250793,0.34182712,0.0
P07571,0.4144737,0.43795756,0.0
P04629,0.41565827,0.39880154,0.0
P01660,0.24497344,0.20250243,0.0
P00957,0.28209084,0.26294118,0.0
P03808,0.36530867,0.3426748,0.0
P08468,0.85781157,0.88255435,0.0
P03319,0.8116523,0.8382957,0.0
P07930,0.8108308,0.7872268,0.0
P01217,0.30498913,0.33016407,0.0
P05091,0.38575166,0.38159552,0.0
P08781,0.39894298,0.38196075,0.0
P07140,0.14570367,0.12593515,0.0
P00392,0.39533174,0.40176567,0.0
P03774,0.7817702,0.75751036,0.0
P03761,0.14821154,0.14307874,0.0
P08775,0.44006714,0.43846518,0.0
P01574,0.26489258,0.28592318,0.0
P01210,0.52814215,0.55074644,0.0
P08584,0.4125043,0.38958287,0.0
P08024,0.25318447,0.25856972,0.0
P00642,0.30865908,0.30105045,0.0
P01701,0.29258862,0.31461406,0.0
P02061,0.47528556,0.47321817,0.0
P06645,0.041999068,0.06322071,0.0
P09843,0.4067774,0.3744618,0.0
P08843,0.1972213,0.19342361,0.0
P08647,0.51367384,0.51803946,0.0
P08393,0.17232165,0.17493533,0.0
P08191,0.49894166,0.5100272,0.0
P08289,0.62811506,0.6445634,0.0
P03796,0.4870667,0.5096593,0.0
P00919,0.8540082,0.8594033,0.0
P04637,0.37332088,0.38566923,0.0
P00881,0.75919926,0.79408777,0.0
P08360,0.4235528,0.4426557,0.0
P08329,0.22451162,0.23132688,0.0
P07069,0.27111036,0.288154,0.0
P01334,0.7926762,0.7645967,0.0
P06029,0.28418607,0.29565307,0.0
P06455,0.09736628,0.11113032,0.0
P05819,0.23376682,0.22312915,0.0
P08832,0.50747544,0.5050137,0.0
P03577,0.48052973,0.51573646,0.0
P06298,0.31041798,0.2998719,0.0
P01990,0.13599432,0.14301722,0.0
P00030,0.6399155,0.6519329,0.0
P01179,0.22336257,0.20475025,0.0
P08640,0.3130958,0.31747392,0.0
P05259,0.3993105,0.3981591,0.0
P05474,0.43826482,0.41216576,0.0
P06948,0.91689,0.92195976,0.0
P06638,0.32040828,0.33438647,0.0
P02991,0.21979858,0.25504446,0.0
P01549,0.13231367,0.14130706,0.0
P08078,0.36640036,0.35993528,0.0
P06220,0.49945477,0.5077382,0.0
P09696,0.5083064,0.48181716,0.0
P03093,0.15700775,0.21967167,0.0
P00552,0.2275879,0.22508289,0.0
P08856,0.49148795,0.49209857,0.0
P01162,0.34815022,0.32855535,0.0
P07207,0.38096917,0.3774979,0.0
P01020,0.55300486,0.5531732,0.0
P05518,0.22108854,0.21903165,0.0
P07520,0.43043882,0.42970842,0.0
P00114,0.56381106,0.57010186,0.0
P03975,0.44302776,0.41312176,0.0
P07027,0.7140284,0.7094581,0.0
P01709,0.39528078,0.3695023,0.0
P06596,0.44115496,0.45976436,0.0
P00433,0.509338,0.4778937,0.0
P02941,0.21147427,0.2572924,0.0
P05414,0.3858712,0.37957835,0.0
P02819,0.3394863,0.36619794,0.0
P00262,0.2594348,0.24329326,0.0
P05826,0.49394244,0.4791804,0.0
P09059,0.27078754,0.30401298,0.0
P03924,0.62019706,0.6122363,0.0
P04115,0.20665842,0.19415332,0.0
P03711,0.46088865,0.46964473,0.0
P01932,0.36598644,0.3728825,0.0
P09483,0.59977037,0.66540796,0.0
P03642,0.40691212,0.40440184,0.0
P06300,0.57161206,0.5766588,0.0
P00419,0.32631648,0.31916764,0.0
P06262,0.30290535,0.3342031,0.0
P06770,0.34106928,0.3446447,0.0
P01987,0.67107856,0.68151385,0.0
P02694,0.19509622,0.18875946,0.0
P03442,0.34421563,0.33560964,0.0
P03378,0.4871368,0.4953757,0.0
P01866,0.08808767,0.08092667,0.0
P01207,0.32978258,0.30469507,0.0
P03432,0.51085967,0.4965086,0.0
P01307,0.39007917,0.40447363,0.0
P01843,0.2865473,0.28173536,0.0
P06746,0.5989856,0.59064835,0.0
P05779,0.71353287,0.72925484,0.0
P06768,0.3044772,0.33168018,0.0
P05510,0.21988238,0.21949066,0.0
P03846,0.5311858,0.54204535,0.0
P01480,0.22986393,0.19725382,0.0
P05935,0.102950886,0.084407605,0.0
P05338,0.22517812,0.22292256,0.0
P05346,0.3431014,0.35559842,0.0
P05484,0.3712215,0.35634965,0.0
P06721,0.41698268,0.3996767,0.0
P06341,0.46008733,0.45976573,0.0
P05243,0.36015916,0.39037332,0.0
P08633,0.16668794,0.17981313,0.0
P08821,0.34092206,0.33720818,0.0
P09195,0.3202248,0.33490437,0.0
P06395,0.11684271,0.15496486,0.0
P03791,0.54187906,0.61073005,0.0
P06163,0.48826727,0.47747564,0.0
P01326,0.4508367,0.4624639,0.0
P00767,0.3683249,0.36254066,0.0
P03869,0.3360657,0.35484064,0.0
P06723,0.48522815,0.5030085,0.0
P08319,0.12147477,0.14937137,0.0
P03610,0.52330756,0.53073585,0.0
P06419,0.20556438,0.22518165,0.0
P02873,0.31294677,0.33642247,0.0
P07489,0.46358678,0.49835914,0.0
P00384,0.26318732,0.26662412,0.0
P00126,0.8601501,0.8726359,0.0
P06253,0.33264783,0.3263937,0.0
P00970,0.3235975,0.32746372,0.0
P03436,0.14815158,0.15765077,0.0
P05242,0.6158119,0.5917835,0.0
P07644,0.5077145,0.5274741,0.0
P09890,0.5343322,0.565327,0.0
P05609,0.42826393,0.43007064,0.0
P02661,0.21582472,0.22460563,0.0
P02772,0.28073284,0.25893813,0.0
P08049,0.3917164,0.39139718,0.0
P03340,0.4371048,0.45469436,0.0
P04842,0.46480617,0.47319037,0.0
P05673,0.22731726,0.20852023,0.0
P04389,0.7084327,0.7382926,0.0
P02029,0.27280772,0.27477998,0.0
P07479,0.24137437,0.27341014,0.0
P07575,0.37467268,0.39359722,0.0
P01043,0.51007307,0.5186123,0.0
P02850,0.44220415,0.42414373,0.0
P04226,0.21508917,0.1920557,0.0
P02888,0.37698337,0.37011498,0.0
P03219,0.7956534,0.7983501,0.0
P07299,0.307844,0.31346077,0.0
P03142,0.17214943,0.14694239,0.0
P01552,0.44415987,0.43155786,0.0
